姓,名,セイ,メイ,年齢,血液型,居住地域,職業,会員種別
山本,陽菜,ヤマモト,ヒナ,40,B,福岡,医師,プレミアム
吉田,陽菜,ヨシダ,ヒナ,23,AB,福島,弁護士,VIP
中村,太郎,ナカムラ,タロウ,65,A,青森,エンジニア,プレミアム
伊藤,太郎,イトウ,タロウ,36,A,宮城,警察官,VIP
伊藤,美咲,イトウ,ミサキ,41,B,大阪,弁護士,通常
高橋,五郎,タカハシ,ゴロウ,56,AB,福島,教師,プレミアム
田中,美咲,タナカ,ミサキ,29,A,福岡,医師,プレミアム
佐藤,美咲,サトウ,ミサキ,43,B,福島,教師,通常
中村,陽菜,ナカムラ,ヒナ,45,O,山形,医師,プレミアム
小林,四郎,コバヤシ,シロウ,51,O,大阪,デザイナー,プレミアム
佐藤,陽菜,サトウ,ヒナ,50,O,青森,営業,プレミアム
山本,一郎,ヤマモト,イチロウ,54,AB,福岡,学生,プレミアム
田中,さくら,タナカ,サクラ,24,O,秋田,弁護士,通常
小林,三郎,コバヤシ,サブロウ,50,A,東京,医師,プレミアム
田中,太郎,タナカ,タロウ,46,A,東京,看護師,通常
山本,美咲,ヤマモト,ミサキ,54,AB,山形,営業,通常
佐藤,二郎,サトウ,ジロウ,29,B,秋田,営業,VIP
高橋,五郎,タカハシ,ゴロウ,46,B,宮城,学生,プレミアム
小林,一郎,コバヤシ,イチロウ,64,O,秋田,デザイナー,通常
山本,花子,ヤマモト,ハナコ,54,B,福岡,公務員,通常
田中,一郎,タナカ,イチロウ,41,AB,大阪,弁護士,プレミアム
山本,五郎,ヤマモト,ゴロウ,25,A,北海道,医師,VIP
伊藤,一郎,イトウ,イチロウ,37,B,大阪,公務員,プレミアム
山本,陽菜,ヤマモト,ヒナ,28,AB,秋田,看護師,VIP
小林,美咲,コバヤシ,ミサキ,55,AB,山形,営業,通常
山本,陽菜,ヤマモト,ヒナ,65,A,大阪,学生,通常
佐藤,太郎,サトウ,タロウ,63,O,青森,警察官,通常
加藤,五郎,カトウ,ゴロウ,52,A,北海道,警察官,VIP
山本,二郎,ヤマモト,ジロウ,42,AB,岩手,教師,プレミアム
田中,太郎,タナカ,タロウ,35,B,秋田,デザイナー,プレミアム
伊藤,美咲,イトウ,ミサキ,48,AB,福島,看護師,VIP
吉田,一郎,ヨシダ,イチロウ,40,AB,福島,警察官,プレミアム
鈴木,花子,スズキ,ハナコ,24,AB,大阪,公務員,通常
小林,陽菜,コバヤシ,ヒナ,22,AB,秋田,デザイナー,VIP
田中,三郎,タナカ,サブロウ,56,B,宮城,看護師,VIP
佐藤,陽菜,サトウ,ヒナ,33,AB,福島,営業,通常
伊藤,美咲,イトウ,ミサキ,18,A,東京,弁護士,プレミアム
高橋,太郎,タカハシ,タロウ,26,O,宮城,弁護士,VIP
鈴木,花子,スズキ,ハナコ,36,A,東京,医師,通常
加藤,二郎,カトウ,ジロウ,57,B,東京,警察官,VIP
高橋,一郎,タカハシ,イチロウ,18,O,青森,公務員,通常
伊藤,太郎,イトウ,タロウ,58,B,大阪,警察官,VIP
中村,太郎,ナカムラ,タロウ,51,O,福岡,エンジニア,通常
田中,陽菜,タナカ,ヒナ,36,O,岩手,警察官,通常
小林,一郎,コバヤシ,イチロウ,38,AB,福岡,公務員,VIP
鈴木,太郎,スズキ,タロウ,56,B,福島,医師,プレミアム
中村,花子,ナカムラ,ハナコ,63,A,秋田,公務員,VIP
山本,二郎,ヤマモト,ジロウ,64,O,秋田,弁護士,プレミアム
加藤,三郎,カトウ,サブロウ,53,B,北海道,デザイナー,通常
伊藤,一郎,イトウ,イチロウ,31,B,山形,学生,プレミアム
鈴木,三郎,スズキ,サブロウ,50,A,東京,弁護士,通常
伊藤,太郎,イトウ,タロウ,34,O,青森,公務員,プレミアム
加藤,五郎,カトウ,ゴロウ,57,AB,東京,弁護士,VIP
佐藤,太郎,サトウ,タロウ,22,AB,岩手,警察官,通常
吉田,太郎,ヨシダ,タロウ,20,O,福岡,学生,プレミアム
高橋,花子,タカハシ,ハナコ,55,A,北海道,学生,プレミアム
田中,美咲,タナカ,ミサキ,29,AB,北海道,弁護士,プレミアム
田中,陽菜,タナカ,ヒナ,30,O,秋田,医師,プレミアム
中村,一郎,ナカムラ,イチロウ,21,B,北海道,看護師,VIP
吉田,さくら,ヨシダ,サクラ,40,AB,福岡,弁護士,通常
伊藤,太郎,イトウ,タロウ,25,B,大阪,デザイナー,通常
山本,美咲,ヤマモト,ミサキ,21,B,山形,公務員,VIP
山本,四郎,ヤマモト,シロウ,55,B,宮城,営業,プレミアム
加藤,二郎,カトウ,ジロウ,20,A,山形,警察官,通常
山本,太郎,ヤマモト,タロウ,61,B,福島,弁護士,プレミアム
小林,陽菜,コバヤシ,ヒナ,37,B,北海道,弁護士,プレミアム
高橋,さくら,タカハシ,サクラ,30,B,宮城,弁護士,プレミアム
小林,陽菜,コバヤシ,ヒナ,30,AB,宮城,教師,プレミアム
鈴木,花子,スズキ,ハナコ,24,B,東京,看護師,VIP
佐藤,太郎,サトウ,タロウ,33,B,青森,看護師,プレミアム
吉田,さくら,ヨシダ,サクラ,51,B,福島,看護師,プレミアム
伊藤,花子,イトウ,ハナコ,28,A,福岡,デザイナー,通常
加藤,二郎,カトウ,ジロウ,46,O,山形,看護師,通常
田中,太郎,タナカ,タロウ,42,A,東京,エンジニア,プレミアム
佐藤,花子,サトウ,ハナコ,27,A,岩手,医師,VIP
山本,さくら,ヤマモト,サクラ,65,A,福岡,公務員,VIP
小林,さくら,コバヤシ,サクラ,37,AB,福岡,デザイナー,プレミアム
伊藤,二郎,イトウ,ジロウ,63,O,青森,学生,通常
伊藤,美咲,イトウ,ミサキ,59,B,福岡,看護師,VIP
吉田,三郎,ヨシダ,サブロウ,62,AB,岩手,エンジニア,VIP
吉田,美咲,ヨシダ,ミサキ,37,B,山形,学生,通常
中村,さくら,ナカムラ,サクラ,48,B,北海道,教師,プレミアム
中村,花子,ナカムラ,ハナコ,46,A,山形,デザイナー,プレミアム
吉田,美咲,ヨシダ,ミサキ,35,A,秋田,デザイナー,VIP
山本,三郎,ヤマモト,サブロウ,57,O,岩手,看護師,VIP
鈴木,太郎,スズキ,タロウ,65,AB,岩手,警察官,VIP
中村,太郎,ナカムラ,タロウ,52,A,山形,看護師,通常
吉田,さくら,ヨシダ,サクラ,38,A,岩手,エンジニア,VIP
伊藤,一郎,イトウ,イチロウ,37,AB,秋田,医師,VIP
田中,太郎,タナカ,タロウ,21,AB,北海道,医師,VIP
山本,一郎,ヤマモト,イチロウ,21,AB,福岡,公務員,VIP
鈴木,陽菜,スズキ,ヒナ,24,B,東京,デザイナー,プレミアム
佐藤,さくら,サトウ,サクラ,59,B,青森,公務員,通常
高橋,四郎,タカハシ,シロウ,23,B,岩手,エンジニア,通常
小林,二郎,コバヤシ,ジロウ,27,AB,福岡,看護師,VIP
伊藤,二郎,イトウ,ジロウ,58,B,山形,営業,VIP
伊藤,四郎,イトウ,シロウ,33,A,大阪,デザイナー,VIP
山本,さくら,ヤマモト,サクラ,34,A,東京,弁護士,プレミアム
高橋,美咲,タカハシ,ミサキ,30,AB,福島,エンジニア,プレミアム
伊藤,五郎,イトウ,ゴロウ,24,B,福島,弁護士,VIP
加藤,陽菜,カトウ,ヒナ,22,B,岩手,警察官,プレミアム
山本,美咲,ヤマモト,ミサキ,44,A,秋田,警察官,通常
吉田,五郎,ヨシダ,ゴロウ,54,AB,秋田,医師,VIP
加藤,陽菜,カトウ,ヒナ,19,O,青森,弁護士,プレミアム
小林,陽菜,コバヤシ,ヒナ,28,B,秋田,教師,プレミアム
高橋,花子,タカハシ,ハナコ,54,O,宮城,公務員,VIP
山本,太郎,ヤマモト,タロウ,42,O,秋田,弁護士,プレミアム
吉田,陽菜,ヨシダ,ヒナ,55,B,青森,医師,通常
伊藤,美咲,イトウ,ミサキ,42,A,青森,医師,プレミアム
佐藤,陽菜,サトウ,ヒナ,59,B,岩手,医師,通常
佐藤,五郎,サトウ,ゴロウ,18,AB,岩手,弁護士,通常
小林,三郎,コバヤシ,サブロウ,26,O,宮城,公務員,VIP
吉田,陽菜,ヨシダ,ヒナ,20,AB,東京,警察官,通常
吉田,陽菜,ヨシダ,ヒナ,44,B,福島,公務員,VIP
中村,美咲,ナカムラ,ミサキ,63,AB,秋田,学生,プレミアム
中村,一郎,ナカムラ,イチロウ,40,AB,東京,エンジニア,プレミアム
佐藤,四郎,サトウ,シロウ,21,AB,大阪,デザイナー,通常
加藤,四郎,カトウ,シロウ,22,AB,北海道,警察官,プレミアム
佐藤,五郎,サトウ,ゴロウ,36,AB,岩手,学生,通常
小林,花子,コバヤシ,ハナコ,45,A,大阪,デザイナー,VIP
伊藤,陽菜,イトウ,ヒナ,31,B,宮城,デザイナー,プレミアム
山本,三郎,ヤマモト,サブロウ,59,AB,岩手,医師,VIP
佐藤,陽菜,サトウ,ヒナ,42,O,大阪,公務員,通常
加藤,陽菜,カトウ,ヒナ,35,A,秋田,エンジニア,プレミアム
加藤,三郎,カトウ,サブロウ,23,B,青森,警察官,通常
伊藤,三郎,イトウ,サブロウ,22,AB,福岡,学生,通常
鈴木,四郎,スズキ,シロウ,28,O,大阪,看護師,VIP
鈴木,太郎,スズキ,タロウ,63,AB,秋田,看護師,VIP
高橋,陽菜,タカハシ,ヒナ,32,AB,青森,医師,VIP
鈴木,美咲,スズキ,ミサキ,32,B,大阪,弁護士,通常
鈴木,四郎,スズキ,シロウ,59,A,福島,デザイナー,通常
鈴木,一郎,スズキ,イチロウ,18,O,山形,エンジニア,通常
高橋,美咲,タカハシ,ミサキ,25,AB,福島,学生,プレミアム
山本,一郎,ヤマモト,イチロウ,55,O,福岡,エンジニア,通常
加藤,陽菜,カトウ,ヒナ,41,B,福岡,医師,通常
加藤,四郎,カトウ,シロウ,24,B,青森,弁護士,プレミアム
高橋,二郎,タカハシ,ジロウ,31,A,青森,弁護士,通常
加藤,一郎,カトウ,イチロウ,43,B,東京,看護師,VIP
山本,五郎,ヤマモト,ゴロウ,30,B,北海道,警察官,プレミアム
鈴木,太郎,スズキ,タロウ,42,O,福岡,弁護士,VIP
田中,三郎,タナカ,サブロウ,27,AB,大阪,医師,VIP
佐藤,四郎,サトウ,シロウ,58,B,宮城,公務員,VIP
佐藤,二郎,サトウ,ジロウ,32,AB,北海道,看護師,通常
吉田,二郎,ヨシダ,ジロウ,33,O,福島,学生,通常
伊藤,一郎,イトウ,イチロウ,32,A,福岡,弁護士,通常
鈴木,花子,スズキ,ハナコ,35,AB,宮城,弁護士,通常
中村,陽菜,ナカムラ,ヒナ,43,B,秋田,エンジニア,通常
吉田,美咲,ヨシダ,ミサキ,51,B,福岡,エンジニア,プレミアム
吉田,三郎,ヨシダ,サブロウ,35,AB,青森,警察官,プレミアム
小林,陽菜,コバヤシ,ヒナ,54,O,秋田,デザイナー,通常
鈴木,陽菜,スズキ,ヒナ,45,B,福島,教師,プレミアム
加藤,一郎,カトウ,イチロウ,50,O,青森,弁護士,プレミアム
加藤,美咲,カトウ,ミサキ,38,O,宮城,営業,通常
高橋,一郎,タカハシ,イチロウ,53,B,福岡,学生,VIP
山本,三郎,ヤマモト,サブロウ,50,AB,山形,公務員,プレミアム
加藤,三郎,カトウ,サブロウ,24,O,青森,デザイナー,通常
鈴木,美咲,スズキ,ミサキ,21,B,福島,営業,プレミアム
鈴木,二郎,スズキ,ジロウ,46,O,秋田,弁護士,プレミアム
山本,さくら,ヤマモト,サクラ,48,A,東京,看護師,プレミアム
高橋,美咲,タカハシ,ミサキ,53,B,大阪,エンジニア,プレミアム
中村,美咲,ナカムラ,ミサキ,44,O,山形,エンジニア,VIP
中村,さくら,ナカムラ,サクラ,44,B,青森,デザイナー,プレミアム
鈴木,三郎,スズキ,サブロウ,50,A,福島,営業,VIP
高橋,太郎,タカハシ,タロウ,44,B,青森,教師,通常
中村,一郎,ナカムラ,イチロウ,19,AB,岩手,デザイナー,VIP
中村,さくら,ナカムラ,サクラ,47,B,北海道,デザイナー,通常
伊藤,花子,イトウ,ハナコ,35,O,岩手,警察官,通常
吉田,花子,ヨシダ,ハナコ,45,AB,大阪,営業,通常
高橋,三郎,タカハシ,サブロウ,60,B,宮城,警察官,VIP
田中,美咲,タナカ,ミサキ,50,AB,岩手,エンジニア,VIP
高橋,一郎,タカハシ,イチロウ,50,AB,青森,エンジニア,VIP
伊藤,四郎,イトウ,シロウ,40,B,東京,教師,プレミアム
伊藤,五郎,イトウ,ゴロウ,52,O,山形,弁護士,VIP
小林,さくら,コバヤシ,サクラ,28,A,秋田,弁護士,プレミアム
高橋,さくら,タカハシ,サクラ,59,B,福島,エンジニア,プレミアム
高橋,四郎,タカハシ,シロウ,25,O,福岡,営業,通常
鈴木,さくら,スズキ,サクラ,42,B,東京,営業,VIP
吉田,三郎,ヨシダ,サブロウ,58,B,東京,エンジニア,通常
加藤,花子,カトウ,ハナコ,52,AB,大阪,警察官,通常
吉田,三郎,ヨシダ,サブロウ,44,A,宮城,デザイナー,通常
佐藤,陽菜,サトウ,ヒナ,43,O,秋田,学生,VIP
中村,四郎,ナカムラ,シロウ,55,AB,東京,学生,通常
鈴木,三郎,スズキ,サブロウ,47,O,福岡,教師,プレミアム
佐藤,花子,サトウ,ハナコ,37,B,宮城,医師,VIP
小林,五郎,コバヤシ,ゴロウ,43,AB,山形,デザイナー,VIP
小林,太郎,コバヤシ,タロウ,53,AB,岩手,エンジニア,プレミアム
伊藤,さくら,イトウ,サクラ,46,O,東京,弁護士,通常
高橋,太郎,タカハシ,タロウ,48,A,福島,医師,VIP
吉田,三郎,ヨシダ,サブロウ,21,B,宮城,医師,プレミアム
山本,一郎,ヤマモト,イチロウ,28,O,福岡,学生,通常
吉田,三郎,ヨシダ,サブロウ,44,A,東京,デザイナー,プレミアム
小林,太郎,コバヤシ,タロウ,40,A,岩手,営業,VIP
田中,二郎,タナカ,ジロウ,54,B,福岡,営業,通常
吉田,一郎,ヨシダ,イチロウ,25,B,福島,弁護士,通常
吉田,美咲,ヨシダ,ミサキ,32,AB,福岡,医師,VIP
中村,太郎,ナカムラ,タロウ,21,A,宮城,看護師,プレミアム
佐藤,さくら,サトウ,サクラ,41,A,山形,警察官,VIP
伊藤,三郎,イトウ,サブロウ,19,B,岩手,警察官,通常
山本,花子,ヤマモト,ハナコ,26,A,福島,看護師,通常
山本,一郎,ヤマモト,イチロウ,50,AB,山形,医師,通常
田中,四郎,タナカ,シロウ,22,O,山形,公務員,プレミアム
吉田,一郎,ヨシダ,イチロウ,29,A,東京,学生,VIP
鈴木,三郎,スズキ,サブロウ,59,AB,岩手,警察官,通常
田中,花子,タナカ,ハナコ,51,A,岩手,弁護士,VIP
伊藤,花子,イトウ,ハナコ,35,O,秋田,公務員,通常
山本,二郎,ヤマモト,ジロウ,64,B,北海道,公務員,通常
鈴木,陽菜,スズキ,ヒナ,18,B,秋田,公務員,通常
佐藤,五郎,サトウ,ゴロウ,52,A,宮城,デザイナー,VIP
伊藤,陽菜,イトウ,ヒナ,22,A,山形,公務員,プレミアム
山本,陽菜,ヤマモト,ヒナ,45,B,青森,教師,プレミアム
鈴木,美咲,スズキ,ミサキ,18,AB,北海道,警察官,プレミアム
伊藤,五郎,イトウ,ゴロウ,30,AB,青森,公務員,通常
吉田,四郎,ヨシダ,シロウ,40,B,岩手,弁護士,VIP
佐藤,三郎,サトウ,サブロウ,36,O,青森,教師,プレミアム
高橋,三郎,タカハシ,サブロウ,54,AB,宮城,医師,通常
伊藤,四郎,イトウ,シロウ,45,B,宮城,デザイナー,プレミアム
伊藤,太郎,イトウ,タロウ,59,AB,宮城,教師,VIP
伊藤,一郎,イトウ,イチロウ,39,AB,宮城,看護師,通常
田中,さくら,タナカ,サクラ,37,A,山形,看護師,VIP
高橋,美咲,タカハシ,ミサキ,27,AB,青森,弁護士,VIP
佐藤,太郎,サトウ,タロウ,60,AB,岩手,公務員,通常
高橋,二郎,タカハシ,ジロウ,58,B,岩手,エンジニア,プレミアム
田中,花子,タナカ,ハナコ,38,AB,宮城,営業,VIP
加藤,陽菜,カトウ,ヒナ,50,AB,福岡,教師,プレミアム
中村,美咲,ナカムラ,ミサキ,54,A,岩手,看護師,プレミアム
伊藤,一郎,イトウ,イチロウ,30,A,秋田,警察官,プレミアム
中村,四郎,ナカムラ,シロウ,32,O,福島,警察官,プレミアム
加藤,二郎,カトウ,ジロウ,58,B,北海道,弁護士,通常
鈴木,陽菜,スズキ,ヒナ,46,O,宮城,医師,通常
中村,三郎,ナカムラ,サブロウ,32,A,北海道,営業,VIP
山本,二郎,ヤマモト,ジロウ,63,AB,山形,公務員,プレミアム
山本,一郎,ヤマモト,イチロウ,21,B,宮城,エンジニア,VIP
伊藤,美咲,イトウ,ミサキ,43,B,福岡,デザイナー,VIP
加藤,五郎,カトウ,ゴロウ,22,B,山形,デザイナー,通常
鈴木,一郎,スズキ,イチロウ,45,B,北海道,営業,VIP
小林,美咲,コバヤシ,ミサキ,45,A,東京,教師,プレミアム
佐藤,さくら,サトウ,サクラ,39,B,宮城,医師,通常
山本,太郎,ヤマモト,タロウ,49,AB,北海道,医師,VIP
吉田,美咲,ヨシダ,ミサキ,47,A,福島,弁護士,VIP
高橋,陽菜,タカハシ,ヒナ,45,AB,福岡,警察官,プレミアム
田中,太郎,タナカ,タロウ,38,AB,福岡,学生,プレミアム
吉田,一郎,ヨシダ,イチロウ,59,AB,福岡,弁護士,通常
加藤,太郎,カトウ,タロウ,63,B,山形,エンジニア,プレミアム
山本,さくら,ヤマモト,サクラ,20,AB,山形,看護師,通常
佐藤,花子,サトウ,ハナコ,32,B,北海道,警察官,VIP
伊藤,二郎,イトウ,ジロウ,40,O,福岡,教師,VIP
山本,太郎,ヤマモト,タロウ,45,AB,秋田,教師,プレミアム
鈴木,二郎,スズキ,ジロウ,40,AB,岩手,エンジニア,VIP
田中,さくら,タナカ,サクラ,55,AB,東京,教師,通常
高橋,五郎,タカハシ,ゴロウ,41,AB,東京,営業,VIP
吉田,太郎,ヨシダ,タロウ,60,A,宮城,エンジニア,VIP
山本,花子,ヤマモト,ハナコ,53,O,岩手,デザイナー,通常
中村,太郎,ナカムラ,タロウ,30,B,宮城,弁護士,通常
吉田,美咲,ヨシダ,ミサキ,64,O,福島,学生,プレミアム
加藤,太郎,カトウ,タロウ,32,AB,宮城,警察官,通常
田中,二郎,タナカ,ジロウ,46,A,宮城,看護師,VIP
小林,五郎,コバヤシ,ゴロウ,55,AB,北海道,看護師,通常
伊藤,太郎,イトウ,タロウ,57,O,福島,営業,通常
吉田,四郎,ヨシダ,シロウ,35,B,青森,エンジニア,VIP
高橋,美咲,タカハシ,ミサキ,46,AB,福岡,デザイナー,通常
山本,陽菜,ヤマモト,ヒナ,25,O,岩手,デザイナー,プレミアム
田中,三郎,タナカ,サブロウ,26,B,福島,公務員,通常
伊藤,三郎,イトウ,サブロウ,19,O,東京,営業,プレミアム
吉田,三郎,ヨシダ,サブロウ,64,AB,岩手,看護師,プレミアム
鈴木,太郎,スズキ,タロウ,20,O,宮城,教師,プレミアム
高橋,美咲,タカハシ,ミサキ,52,A,福岡,弁護士,プレミアム
伊藤,二郎,イトウ,ジロウ,29,AB,東京,医師,VIP
加藤,陽菜,カトウ,ヒナ,44,AB,東京,エンジニア,VIP
高橋,三郎,タカハシ,サブロウ,34,B,北海道,看護師,VIP
吉田,花子,ヨシダ,ハナコ,36,A,青森,医師,プレミアム
高橋,五郎,タカハシ,ゴロウ,62,AB,福島,学生,通常
高橋,四郎,タカハシ,シロウ,51,B,大阪,学生,通常
鈴木,五郎,スズキ,ゴロウ,27,B,岩手,公務員,プレミアム
吉田,陽菜,ヨシダ,ヒナ,24,A,青森,公務員,通常
山本,四郎,ヤマモト,シロウ,31,B,岩手,営業,プレミアム
佐藤,二郎,サトウ,ジロウ,65,A,東京,弁護士,プレミアム
吉田,さくら,ヨシダ,サクラ,18,O,大阪,営業,通常
加藤,二郎,カトウ,ジロウ,42,O,秋田,エンジニア,VIP
山本,美咲,ヤマモト,ミサキ,42,AB,福岡,教師,VIP
高橋,一郎,タカハシ,イチロウ,20,O,青森,学生,VIP
加藤,美咲,カトウ,ミサキ,61,B,青森,エンジニア,プレミアム
伊藤,三郎,イトウ,サブロウ,35,AB,大阪,公務員,プレミアム
佐藤,花子,サトウ,ハナコ,38,B,東京,警察官,プレミアム
鈴木,陽菜,スズキ,ヒナ,36,B,福岡,デザイナー,VIP
山本,美咲,ヤマモト,ミサキ,33,O,福島,公務員,通常
加藤,美咲,カトウ,ミサキ,44,B,大阪,営業,プレミアム
山本,一郎,ヤマモト,イチロウ,41,A,福島,警察官,VIP
鈴木,花子,スズキ,ハナコ,52,AB,大阪,デザイナー,通常
田中,美咲,タナカ,ミサキ,55,O,大阪,営業,プレミアム
吉田,さくら,ヨシダ,サクラ,65,O,大阪,看護師,VIP
高橋,五郎,タカハシ,ゴロウ,49,O,福岡,弁護士,プレミアム
佐藤,美咲,サトウ,ミサキ,38,B,宮城,警察官,プレミアム
中村,一郎,ナカムラ,イチロウ,44,A,宮城,看護師,VIP
佐藤,一郎,サトウ,イチロウ,63,AB,東京,看護師,VIP
吉田,太郎,ヨシダ,タロウ,40,AB,青森,看護師,通常
小林,陽菜,コバヤシ,ヒナ,32,O,福岡,看護師,通常
小林,美咲,コバヤシ,ミサキ,19,B,東京,営業,通常
加藤,花子,カトウ,ハナコ,48,AB,青森,デザイナー,プレミアム
高橋,三郎,タカハシ,サブロウ,48,A,宮城,警察官,プレミアム
中村,陽菜,ナカムラ,ヒナ,56,O,岩手,弁護士,プレミアム
